Asset,Best_Model,ARIMA_MAE,LSTM_MAE,ARIMA_RMSE,LSTM_RMSE
TSLA,LSTM,,9.5692426530401,,12.479391137406118
BND,LSTM,,0.3168663335305977,,0.39798060033166094
SPY,LSTM,,8.74265728772836,,10.425115711389367
